accuracy,f1,precision,recall,n
0.8223333333333341,0.8443700000000044,0.8294333333333341,0.8778,10000
