accuracy,f1,precision,recall,n
0.8292333333333377,0.8500733333333388,0.8346833333333378,0.88085,10000
