accuracy,f1,precision,recall,n
0.8062666666666675,0.8140333333333339,0.8100166666666674,0.8236,10000
