accuracy,f1,precision,recall,n
0.8051583333333335,0.8130833333333337,0.8068583333333336,0.8266,10000
