accuracy,f1,precision,recall,n
0.85365,0.856833333333335,0.8632,0.85365,10000
