accuracy,f1,precision,recall,n
0.85695,0.8602333333333351,0.8668,0.85695,10000
